,label,word,adj_ori_avg
0,0,abed,0.12136243381174816
1,1,abet,0.08333333330962162
2,2,aced,-0.07175925962327995
3,3,aged,0.26405423271044254
4,4,aped,0.011284721559076782
5,5,awed,0.11687023205417434
6,6,axed,0.24818121655988942
7,7,abut,0.4999999999615801
8,8,acer,-0.30370370374511685
9,9,aces,-0.06954129232841672
10,10,acid,0.07361111073760743
11,11,iced,-0.11111111114132466
12,12,ages,0.14422977759775543
13,13,apes,0.0871385554714322
14,14,apex,-9.347236318291152e-10
15,15,sped,-0.31116071464663075
16,16,awes,-0.11735373242395757
17,17,owed,-0.2008928573561083
18,18,axes,0.0043544416073145005
19,19,aver,-0.20000000004411134
20,20,acts,-0.14206349209614108
21,21,ales,-0.03829184749152793
22,22,ares,-0.21705356623253963
23,23,ices,-0.15833333359332502
24,24,amid,0.449999999881934
25,25,arid,-0.06000000027396966
26,26,avid,0.44999999986179073
27,27,seed,-0.17002963814003264
28,28,shed,-0.26777210909960236
29,29,sled,-0.29233630982093284
30,30,spec,0.04166666618206505
31,31,spew,-0.004629629775333269
32,32,spud,-0.27666666693534253
33,33,sued,-0.26892857158460115
34,34,awls,-0.054383117177357394
35,35,awns,0.13383838360583802
36,36,ewes,-0.20101010106488448
37,37,owes,-0.22291666693260523
38,38,axis,0.11111111109800798
39,39,exes,-0.06875000046794708
40,40,ever,-0.00277777802474762
41,41,over,-0.08666666702410776
42,42,ants,-0.10285714350193267
43,43,arts,-0.08286237600842314
44,44,alas,0.2845238091933182
45,45,albs,0.28452380919331827
46,46,alms,-0.16020408187038487
47,47,alps,-0.011706349539768013
48,48,arcs,0.04439560390772611
49,49,area,-0.1410256410404204
50,50,arks,-0.13728414505176542
51,51,arms,-0.14952904283482113
52,52,ires,-0.2032051283279421
53,53,ores,-0.12003205149076861
54,54,ides,-0.20166666693225346
55,55,aria,-0.23333333334502782
56,56,grid,-0.10324074129250915
57,57,deed,-0.09689533338710052
58,58,feed,-0.09663576585384703
59,59,geed,0.04654573334235215
60,60,heed,-0.1051567893849929
61,61,meed,-0.020829579377335015
62,62,need,0.11030830784864513
63,63,peed,-0.023767157403702246
64,64,reed,-0.07121032334669343
65,65,seen,-0.09226022104708081
66,66,sees,-0.19254558226659466
67,67,seek,-0.005268880968649124
68,68,seem,-0.19340478179832754
69,69,seep,-0.049028460818979464
70,70,seer,-0.01844623687476756
71,71,send,0.03074122824562335
72,72,teed,-0.0844304544988101
73,73,weed,-0.036121384946849855
74,74,shad,-0.4006349207049162
75,75,shew,-0.15809082927134785
76,76,shod,-0.07179962914212748
77,77,bled,-0.16071428628076967
78,78,fled,-0.17467403658588548
79,79,slew,-0.18853174662103528
80,80,slid,-0.3087752526603109
81,81,skew,0.1277777775842068
82,82,stew,-0.12326388911134968
83,83,scud,-0.2526785716220693
84,84,spun,-0.19537037058039622
85,85,spur,-0.347142857275601
86,86,stud,-0.031250000425816216
87,87,cued,-0.2362794613950998
88,88,hued,-0.1576388892534771
89,89,rued,-0.10984848524715389
90,90,sues,-0.2445590361509747
91,91,suet,-0.5050000000452342
92,92,surd,-0.2836805557383225
93,93,ails,-0.2804421770661537
94,94,owls,-0.0031250004694995115
95,95,owns,0.17361111079904698
96,96,eves,-0.09333333376713834
97,97,ewer,-0.05555555605102236
98,98,eyes,-0.11406250040763949
99,99,odes,-0.20166666688532447
100,100,ones,-0.2516666669370161
101,101,e'er,0.031249999542467936
102,102,even,-0.08125000011125465
103,103,o'er,0.06944444400684073
104,104,oner,-0.13333333339376588
105,105,oven,-0.023333333742028672
106,106,ante,0.44999999918019346
107,107,anti,0.44999999918019346
108,108,anus,-0.23333333334399153
109,109,arty,0.2321428570228175
110,110,aims,-0.38321995509643475
111,111,elms,-0.06349206358326365
112,112,amps,0.05208333328461892
113,113,asps,-0.16666666670160213
114,114,arch,0.19999999997925053
115,115,urea,0.33333333330550463
116,116,asks,-0.04365079367630453
117,117,auks,0.22619047560419964
118,118,irks,-0.24380952403431633
119,119,army,0.2321428570228175
120,120,iris,-0.14444444447398666
121,121,orbs,0.1666666666482507
122,122,idea,-0.116666666727395
123,123,idem,-0.03333333339621991
124,124,grad,-0.22813051201965115
125,125,grim,-0.08764881010133163
126,126,grin,-0.053240741067622
127,127,grip,-0.017361111916908884
128,128,grit,-0.034722222754683396
129,129,dead,-0.16001050803023578
130,130,deem,-0.16587606843334105
131,131,deep,0.01751435247179857
132,132,deer,-0.1363711612493919
133,133,died,-0.12137345717272015
134,134,dyed,-0.22280092626922146
135,135,fees,-0.23941403061914837
136,136,feel,-0.2975184542435135
137,137,fend,-0.09829267980553646
138,138,feud,-0.1160714289604241
139,139,feet,-0.3081601565765645
140,140,gees,-0.18697382850982014
141,141,geek,0.08752202633886018
142,142,geld,-0.21369047642608177
143,143,head,-0.22166055999511636
144,144,heel,-0.07440476260890551
145,145,held,-0.2679861115042258
146,146,herd,-0.3233575839381343
147,147,hied,-0.15045194038666332
148,148,mead,-0.1850427354960768
149,149,meek,0.0005997470128421001
150,150,meet,-0.27703477148603567
151,151,meld,-0.17357226148684
152,152,mend,-0.028727682874698218
153,153,nerd,-0.14015151518639946
154,154,pees,-0.1681034276944563
155,155,peek,-0.1353297632086261
156,156,peel,-0.13187422419278755
157,157,peen,-0.11736709554782432
158,158,peep,-0.06899247117416668
159,159,peer,-0.07092958017588101
160,160,pied,0.01271446052973886
161,161,read,-0.20952837715138495
162,162,reef,-0.2968750001683311
163,163,reek,-0.014821829879049626
164,164,reel,-0.14622790464499485
165,165,rend,-0.023313385752625485
166,166,been,-0.14895584869788772
167,167,keen,-0.10050505077083766
168,168,sewn,-0.329545454605541
169,169,teen,-0.2836439798641062
170,170,bees,-0.2678603842437533
171,171,lees,-0.20674763093099188
172,172,seas,-0.27906270676379885
173,173,sets,-0.14970484018588603
174,174,sews,-0.2156164235167324
175,175,tees,-0.20264476747360977
176,176,wees,-0.1861785406919786
177,177,leek,-0.0343426093313934
178,178,week,-0.02808902003058946
179,179,seam,-0.2857046805079656
180,180,stem,-0.1550000001828823
181,181,teem,-0.3168267501811606
182,182,beep,-0.012654340160579935
183,183,jeep,0.07091224671239284
184,184,keep,-0.09874276992775166
185,185,step,-0.15692307748204165
186,186,weep,0.004806720655832833
187,187,beer,-0.10504578968795239
188,188,jeer,0.0854361679191793
189,189,leer,0.03410304217023777
190,190,sear,-0.10811948899080356
191,191,veer,0.1570207554730978
192,192,weer,-0.06713905801586206
193,193,bend,-0.06037216029767041
194,194,lend,-0.03006470700075653
195,195,sand,-0.1304313636258351
196,196,sent,-0.00249111049674395
197,197,tend,0.04134579745595946
198,198,vend,0.0668656342735771
199,199,wend,-0.04493970683281785
200,200,tied,-0.05385802532524822
201,201,toed,-0.46867413676809555
202,202,weld,-0.24312583276593558
203,203,scad,-0.09154813487958205
204,204,sham,-0.22811694510458513
205,205,shay,-0.13073963084235837
206,206,chew,-0.21045918420142942
207,207,phew,0.06349206341992031
208,208,show,-0.13259379559569107
209,209,whew,-0.07653061251420774
210,210,shoe,0.10006613710107697
211,211,shoo,0.18376623302878686
212,212,shot,-0.141740457115288
213,213,shop,-0.180583028199072
214,214,blew,-0.12870370441126097
215,215,bred,-0.33958333378352
216,216,flea,-0.10152116422065814
217,217,flee,-0.25297619083052014
218,218,flex,-0.07767857177475677
219,219,flew,-0.1529100533592286
220,220,clew,-0.22091836828469028
221,221,slaw,-0.11335470103918181
222,222,slow,-0.16149507955408057
223,223,said,-0.25855654824253077
224,224,skid,0.04546485231556426
225,225,slim,-0.18346185095020195
226,226,slip,-0.1668423750245004
227,227,slit,-0.19101592921561558
228,228,stet,-0.1187500002471491
229,229,stow,-0.05069444464227577
230,230,scum,-0.14261363689757484
231,231,shun,-0.22395833341519455
232,232,span,-0.11419352268248859
233,233,spin,-0.2245370377046124
234,234,stun,-0.05208333376473678
235,235,slur,-0.2963293652357895
236,236,sour,-0.1869331070860642
237,237,spar,-0.11878787916671019
238,238,stub,-0.3184523810448997
239,239,cred,-0.3802083334157728
240,240,cues,-0.1363824239523262
241,241,curd,-0.20785634169599576
242,242,hues,-0.1978300870695322
243,243,rues,-0.20640874338487977
244,244,dues,-0.2853232606114392
245,245,subs,-0.039672400448165036
246,246,suds,-0.0893109422368697
247,247,sums,-0.1567696198511501
248,248,suns,-0.15148749747960166
249,249,sups,-0.21687573909794416
250,250,duet,-0.38835978883441813
251,251,suit,-0.2925925926910657
252,252,sure,-0.2752198327957702
253,253,surf,-0.17187500007083584
254,254,aids,-0.35320852015229004
255,255,airs,-0.39748677259249837
256,256,mils,-0.3420426067051514
257,257,nils,-0.3283549786813691
258,258,oils,-0.2540476193805331
259,259,byes,-0.003464053002435108
260,260,dyes,-0.21300705491697847
261,261,eyed,-0.07291666688221221
262,262,lyes,-0.09572829177273175
263,263,ryes,0.000606059570822115
264,264,odds,-0.15555555556972595
265,265,onus,-0.26666666667684796
266,266,e'en,0.12499999981491006
267,267,omen,0.2958333331537589
268,268,open,0.44999999986179134
269,269,oxen,0.44999999986179146
270,270,dims,-0.36184903493901666
271,271,vims,-0.1941137566948624
272,272,elks,0.16666666649403167
273,273,ells,0.3055555551099913
274,274,imps,0.4999999999547698
275,275,umps,0.49999999995476996
276,276,ilks,-0.12916666675954103
277,277,inks,-0.2125000000882699
278,278,ibis,-0.08333333334844473
279,279,ilea,-0.11458333337847335
280,280,item,-0.23333333334502815
281,281,brad,-0.17331668379073847
282,282,glad,-0.3671957672356132
283,283,goad,-0.34713050880018903
284,284,grab,-0.11734693900183168
285,285,gram,-0.050925926793741416
286,286,gran,-0.11309523823890653
287,287,gray,-0.0009459681125548104
288,288,trad,-0.30062358325090016
289,289,brim,0.055952380255484636
290,290,prim,-0.1386904765379223
291,291,trim,0.0059240356674117945
292,292,gain,-0.003451178532716259
293,293,drip,-0.2222222222575639
294,294,trip,-0.16230158789466012
295,295,gait,-0.22922979821887463
296,296,writ,-0.26430976436675796
297,297,bead,-0.1883407423298187
298,298,deaf,-0.14103896127366533
299,299,deal,-0.10154680413447359
300,300,dean,-0.024840283724378458
301,301,dear,0.01596127254934636
302,302,dyad,-0.20075757590710763
303,303,lead,-0.18644133704317536
304,304,doer,-0.3926790805907201
305,305,dyer,-0.18696581217074804
306,306,dies,-0.24848681564283198
307,307,diet,-0.38010101042949196
308,308,lied,-0.01157407426152624
309,309,vied,0.10586734614803339
310,310,fens,-0.10554577008000002
311,311,fess,-0.32699300712785034
312,312,foes,-0.22405073162397737
313,313,fell,-0.05021917228349514
314,314,fuel,-0.3454059830001679
315,315,keel,-0.1233164989748251
316,316,find,-0.15751576499068465
317,317,fond,-0.38656004521180337
318,318,fund,-0.3336778502376395
319,319,beet,-0.2955499171582301
320,320,feat,-0.20329871197073324
321,321,felt,-0.15916048303289965
322,322,fret,-0.33333333355200745
323,323,gels,-0.35863646186795023
324,324,gems,-0.2191554946996523
325,325,gens,-0.14284437486304297
326,326,gets,-0.09057978274108855
327,327,goes,-0.25195414091461343
328,328,gild,-0.30093319422628
329,329,gold,-0.09598414436892186
330,330,veld,-0.11111111148763425
331,331,heal,-0.002428221024880522
332,332,heap,-0.2413281985622138
333,333,hear,-0.004302807309997873
334,334,heat,-0.17397971156395267
335,335,helm,0.016666666368854947
336,336,help,-0.23703703712380078
337,337,hold,-0.04373543186240875
338,338,hard,-0.1927609432038925
339,339,herb,-0.016825397497799967
340,340,here,-0.2650000002967463
341,341,hero,0.08317460254925546
342,342,hers,-0.18319161043956694
343,343,hies,-0.20976190494297592
344,344,hind,-0.21366241809798506
345,345,meal,-0.022951194341794576
346,346,mean,-0.13116096902756158
347,347,meat,-0.20002278751147673
348,348,melt,-0.2500493226743587
349,349,mild,-0.1942341436831833
350,350,mold,-0.06915618155966616
351,351,menu,0.07692307691495326
352,352,mind,-0.15245609165290747
353,353,peas,-0.1760426567212928
354,354,pecs,-0.0951218195143446
355,355,pegs,-0.14536460545360408
356,356,pens,-0.11950642866030885
357,357,peps,-0.2173019184078017
358,358,pets,-0.12385398938937858
359,359,pews,-0.11567795235524794
360,360,pies,-0.1997493735531057
361,361,peak,-0.20772169826503317
362,362,peck,-0.26066607070116826
363,363,perk,-0.3117897730912317
364,364,peal,-0.009195814641165359
365,365,peon,-0.20454545455693707
366,366,prep,-0.49287749288247634
367,367,pear,0.05705464105097124
368,368,pier,-0.07569444490735587
369,369,real,-0.05682507345078431
370,370,ream,-0.23754969013998814
371,371,reap,-0.12721088474995831
372,372,rear,0.053435251535214445
373,373,road,-0.21247795435797892
374,374,beef,-0.17049698710817104
375,375,rand,-0.1100783040300971
376,376,rent,0.029563838546140784
377,377,rind,-0.0973285049173418
378,378,bean,-0.17461771286332167
379,379,sown,-0.20595238138000202
380,380,tern,-0.31153846197898594
381,381,then,-0.29693877558543696
382,382,beds,-0.24895977545019551
383,383,begs,-0.21685001045479027
384,384,bets,-0.16152200350843923
385,385,beys,-0.24983607119503046
386,386,leas,-0.25041664286793786
387,387,legs,-0.20291079171719492
388,388,leis,-0.00569724422928497
389,389,lens,-0.11029557999912343
390,390,less,-0.2560433923408407
391,391,lets,-0.1308044589267616
392,392,lies,-0.2832745600107034
393,393,seal,-0.03923749919750702
394,394,seat,-0.2633639614553724
395,395,spas,-0.008796296806565448
396,396,teas,-0.18433899797205627
397,397,yeas,-0.21942380585839788
398,398,jets,-0.0058916523834070585
399,399,nets,-0.11173178702864288
400,400,sett,-0.2074603175641018
401,401,sits,-0.1253263488943758
402,402,sots,-0.12470749413928045
403,403,vets,0.006147098447151807
404,404,wets,-0.06997238289525666
405,405,dews,-0.14054032400770267
406,406,hews,-0.13098845618301444
407,407,mews,-0.2187995310340818
408,408,news,-0.17922879606504388
409,409,saws,-0.09185161559460528
410,410,sows,-0.12290166922201613
411,411,yews,-0.06386283509336615
412,412,tens,-0.15509729130876432
413,413,ties,-0.2327474631946934
414,414,toes,-0.21287816653691335
415,415,webs,-0.2126632193560205
416,416,weds,-0.2664553126707333
417,417,wens,-0.14083081980326473
418,418,woes,-0.21886411993464658
419,419,leak,-0.17141053458350275
420,420,weak,-0.15999174468488972
421,421,beam,-0.17138234606234803
422,422,scam,-0.010366654243166552
423,423,slam,-0.1624535192411611
424,424,spam,0.010432900037043396
425,425,swam,-0.043889551243486626
426,426,team,-0.28601531099215394
427,427,term,-0.19059343488801175
428,428,them,-0.10250000026581234
429,429,jeez,-0.013888889728409959
430,430,kelp,-0.185185185242794
431,431,stop,-0.3115384618994763
432,432,bear,-0.03211896403724787
433,433,bier,0.04136904679335793
434,434,fear,0.2033874851534735
435,435,gear,0.25658914086490564
436,436,near,0.15123501394719752
437,437,scar,-0.06446007751649768
438,438,soar,-0.3164484131823711
439,439,star,-0.20654761940059463
440,440,tear,0.09064563191112596
441,441,wear,0.016740237572598814
442,442,year,0.13094076637963917
443,443,weir,-0.3724759615596506
444,444,band,-0.15200679153172253
445,445,bent,-0.06876055488591484
446,446,bind,-0.17371624608021624
447,447,bond,-0.3184494512965704
448,448,land,-0.13979612903448033
449,449,lent,0.001367102137652083
450,450,hand,-0.10723743649801891
451,451,sane,-0.12875441673957003
452,452,sang,0.016074739933188312
453,453,sans,-0.16086909990201692
454,454,sank,-0.04832790214483672
455,455,wand,-0.09547945208466269
456,456,cent,0.13839695629109117
457,457,dent,-0.0542388174176951
458,458,gent,0.0856087571074627
459,459,went,-0.0983777934271725
460,460,pent,-0.10991429423227139
461,461,sect,-0.006349206392941398
462,462,tent,-0.03789742265978725
463,463,vent,0.14157121775946505
464,464,wind,-0.16049687023458553
465,465,tier,-0.0227777783000603
466,466,told,-0.11151626189636739
467,467,toad,-0.24977324266334663
468,468,well,-0.08018977670676491
469,469,welt,-0.28472424070731656
470,470,wild,-0.22693875973574926
471,471,wold,-0.1135455815845741
472,472,scab,-0.0072150076243939765
473,473,scan,0.06856833571306191
474,474,scat,0.002331002050919764
475,475,shim,-0.21800595269152584
476,476,wham,-0.25694444452068105
477,477,slay,-0.12249011729857898
478,478,spay,-0.0552469756965893
479,479,stay,-0.06115729522669649
480,480,sway,-0.024090556591544868
481,481,chef,0.17857142852871316
482,482,chow,-0.2470238099770883
483,483,crew,-0.15736607193002242
484,484,dhow,-8.909460391670621e-10
485,485,scow,0.06666666650144126
486,486,snow,-0.12827380996071072
487,487,whee,0.05833333290867423
488,488,when,0.07341269815650603
489,489,whet,-0.10383597954592848
490,490,whey,0.14428571375502958
491,491,sloe,-0.17197432251394779
492,492,shut,-0.3295454545542156
493,493,slot,-0.19762080549024752
494,494,snot,-0.1843452385625898
495,495,soot,-0.24859755804104472
496,496,spot,-0.10299165175445947
497,497,swot,-0.06923701366495744
498,498,chop,-0.27700941105295235
499,499,ship,-0.2383858428139924
500,500,slop,-0.1624648859733762
501,501,whop,-0.15944444531811636
502,502,blow,-0.12821869532464172
503,503,brew,-0.030555556226909957
504,504,plea,0.05555555551425025
505,505,floe,-0.1996882091286166
506,506,flue,-0.1479497359356849
507,507,free,-0.458333333339296
508,508,glee,-0.2537202381903644
509,509,flax,0.079833915633356
510,510,flux,-0.06888888911638578
511,511,flaw,0.04305636439177752
512,512,flow,-0.1518959441357036
513,513,claw,-0.11763668501966024
514,514,clef,0.17857142852871338
515,515,slab,-0.12269351046026707
516,516,slag,-0.09856983332932144
517,517,slap,-0.1271918258896771
518,518,slat,-0.12768705671370234
519,519,glow,-0.09750566946692744
520,520,plow,-0.08201058232740076
521,521,slob,-0.1322476907982947
522,522,slog,-0.14958349769689464
523,523,laid,-0.2072831492283227
524,524,maid,0.021318527121899855
525,525,paid,0.008611626210997413
526,526,raid,-0.05896088101525866
527,527,sail,0.1693914741664612
528,528,skis,0.2289682533232562
529,529,skim,0.05243055500279993
530,530,skin,0.004439483922521623
531,531,skip,0.06332070685484731
532,532,skit,0.013271604223953579
533,533,slum,-0.28791666700718227
534,534,swim,-0.17735042762369987
535,535,blip,0.09090909085640275
536,536,clip,-0.10078347618379707
537,537,flip,-0.04861111130191929
538,538,snip,-0.22492424252748147
539,539,flit,-0.17478632527911495
540,540,snit,-0.15729166731946614
541,541,spit,-0.18741206769379815
542,542,swum,-0.09631410312609097
543,543,shin,-0.2751736113972566
544,544,spat,-0.10927241983777557
545,545,swan,0.04807293361466078
546,546,spiv,-0.09722222257334624
547,547,blur,0.024999999794451278
548,548,slue,-0.15406746060174378
549,549,slug,-0.26500946990600527
550,550,dour,0.06728395054914266
551,551,four,0.17703372992111072
552,552,hour,0.17368551572379537
553,553,lour,0.08287037020784396
554,554,pour,0.01426587267541557
555,555,sous,-0.22948179332034688
556,556,souk,-0.11027167361747235
557,557,soul,-0.20089285756836808
558,558,soup,-0.14285714312829317
559,559,tour,0.19791666600390012
560,560,your,0.19265872991668118
561,561,snub,-0.288888888906526
562,562,stab,-0.18735827681080938
563,563,crud,0.12499999997506386
564,564,cubs,-0.12014475325968832
565,565,cuds,-0.10073463203742414
566,566,cups,-0.13126165580659827
567,567,curs,-0.2321634526474184
568,568,cuss,-0.19923094118731405
569,569,cuts,-0.13921226364484293
570,570,card,-0.20299922446142213
571,571,cord,-0.24717305090797254
572,572,curb,0.0722222218512911
573,573,cure,-0.25320231359944595
574,574,curl,-0.1032539688930522
575,575,curt,-0.13843779739691353
576,576,hubs,-0.0490289232349132
577,577,hugs,-0.05445713186839107
578,578,hums,-0.15191145713691553
579,579,huts,-0.07854553544698581
580,580,rubs,-0.08616010684654282
581,581,rugs,-0.04182047317397142
582,582,rums,-0.1316772443501048
583,583,runs,-0.1483542277971223
584,584,ruts,-0.06418357535393185
585,585,does,-0.31552537720600027
586,586,dubs,-0.11337401336405668
587,587,duds,-0.1911052517597455
588,588,duel,-0.3790476191509614
589,589,dugs,-0.049963806461887
590,590,duns,-0.16462124845733705
591,591,duos,-0.06711632041592841
592,592,nubs,-0.08568451264299387
593,593,pubs,-0.023654790624620708
594,594,sobs,-0.02349234764072619
595,595,tubs,-0.1034373370526385
596,596,buds,-0.17695383372526913
597,597,muds,-0.1495407100154339
598,598,puds,-0.1228323854741235
599,599,sods,-0.09295063448212779
600,600,bums,-0.1478004316475744
601,601,gums,-0.11747570653882185
602,602,mums,-0.1521181601388572
603,603,sumo,-0.04807692330482194
604,604,sump,0.11044337552308153
605,605,tums,-0.10629866024155088
606,606,buns,-0.16736716258687198
607,607,funs,-0.18358896551486373
608,608,guns,-0.12231205309495105
609,609,nuns,-0.09192180396820446
610,610,puns,-0.1439821419519789
611,611,sins,-0.15516601653886564
612,612,sung,-0.05226738567386473
613,613,sunk,-0.07586526763005094
614,614,sons,-0.2295341088078001
615,615,tuns,-0.13832960456137355
616,616,pups,-0.2288911110740622
617,617,saps,-0.022056113486237296
618,618,sips,-0.053618775704214125
619,619,sops,-0.0836309527814021
620,620,duct,-0.26388888898234936
621,621,dust,-0.07638488120593694
622,622,quit,0.16333333245069187
623,623,lure,-0.2964164763148186
624,624,pure,-0.3118900042851186
625,625,sere,-0.17627551064445138
626,626,sire,-0.1931709226290116
627,627,sore,-0.12586233782518733
628,628,serf,-0.24801587305103645
629,629,turf,-0.27500000000921376
630,630,adds,-0.18518518519874508
631,631,aide,-0.025358173651356803
632,632,bids,-0.30050078176597567
633,633,kids,-0.20285191026031762
634,634,lids,-0.3457680443643091
635,635,rids,-0.3211598128751776
636,636,airy,-0.28125000018691493
637,637,firs,-0.38411401644368465
638,638,sirs,-0.2944902967722095
639,639,mile,-0.19358006140735987
640,640,milk,-0.18438544340775775
641,641,mill,0.002862706376703525
642,642,milt,-0.16664115394693663
643,643,miss,-0.25555361058918097
644,644,nibs,-0.20861083368267178
645,645,nips,0.02838393549772238
646,646,nits,-0.07902573672541449
647,647,oily,-0.1687500000892461
648,648,olds,0.33333333330550463
649,649,opus,-0.1666666666789568
650,650,amen,0.24999999997633596
651,651,dams,-0.14935678747404404
652,652,dibs,-0.20991525382139267
653,653,digs,-0.11667415304602873
654,654,dime,-0.22043562553894497
655,655,dins,-0.1709995573433946
656,656,dips,-0.02118536421868673
657,657,vies,-0.09077380996503952
658,658,"Missing[""vips""
eels""",0.12499999980456851
659,659,ills,0.12499999956994468
660,660,inky,0.12499999997506364
661,661,inns,-0.2916666666753107
662,662,obis,-1.6896040122560407e-11
663,663,ilia,0.24999999997633596
664,664,bras,-0.2026241818413455
665,665,brae,0.20126262559913907
666,666,brag,-0.12424242470788599
667,667,bran,-0.013250291546985784
668,668,brat,-0.1208979752823866
669,669,bray,0.00431588542102472
670,670,clad,-0.09263038608038854
671,671,goal,-0.2736607145260889
672,672,goat,-0.35446428611529524
673,673,good,-0.14226001335650867
674,674,load,-0.28021825442089154
675,675,woad,-0.14640795732491615
676,676,crab,-0.036210317545432046
677,677,drab,0.029017856366131148
678,678,grub,-0.12142857145551689
679,679,cram,-0.15582837347974865
680,680,dram,-0.021527778628168424
681,681,pram,-0.2048611117944371
682,682,tram,-0.23908329394547786
683,683,dray,0.020041485458760534
684,684,fray,-0.08370181420514868
685,685,pray,-0.11820987701229296
686,686,tray,-0.14103174647488842
687,687,trap,-0.17539682554732683
688,688,trod,-0.22321428625904807
689,689,brig,-0.05111111120958878
690,690,brio,0.16666666631210206
691,691,prig,0.05555555544165355
692,692,prom,-0.14660218297677927
693,693,trig,-0.05059523842087427
694,694,trio,0.12499999990391353
695,695,fain,-0.0015282700938144898
696,696,lain,-0.07502295713950298
697,697,main,0.07961378481641601
698,698,pain,0.03595697219392813
699,699,rain,-0.004887411125458346
700,700,vain,0.11938131291060414
701,701,wain,-0.0814231227897292
702,702,drop,-0.2592592593121006
703,703,bait,-0.32145021707559107
704,704,wait,-0.3285422913108934
705,705,whit,-0.2582371334740378
706,706,beak,-0.14670769237845083
707,707,beat,-0.21589693052424377
708,708,beau,0.03335173550166395
709,709,leaf,-0.0931354367652043
710,710,dell,-0.0062384737838937455
711,711,dial,-0.10166666694427369
712,712,dual,-0.24776785745311009
713,713,teal,-0.026860778639444974
714,714,veal,0.04562602773130895
715,715,weal,-0.0069963159662248635
716,716,zeal,0.21042984788829688
717,717,jean,0.11505438963607668
718,718,lean,-0.10611358393561784
719,719,wean,-0.059748932057758455
720,720,leap,-0.15781475503531733
721,721,door,-0.30555555572814225
722,722,goer,-0.1333333337475241
723,723,dint,-0.25540328944811397
724,724,dirt,-0.3278787881114643
725,725,lief,0.0853174599477053
726,726,lien,-0.11763038573077898
727,727,lieu,0.15039682514105712
728,728,view,0.017857141822331557
729,729,dens,-0.15581858328170523
730,730,fans,-0.15126780905218223
731,731,fins,-0.144080015435494
732,732,hens,-0.07174807451921274
733,733,kens,-0.03878676501903234
734,734,yens,-0.011274510015730765
735,735,fuss,-0.31542658787313427
736,736,mess,-0.2964854432800713
737,737,fobs,0.016761706382715732
738,738,fogs,-0.1648505822197834
739,739,fops,-0.03520927651875127
740,740,noes,-0.18432090807917817
741,741,bell,-0.017994995793886515
742,742,cell,0.11154137432021627
743,743,fall,0.012097450681324307
744,744,fill,0.05348044219607631
745,745,full,0.014761199901094726
746,746,jell,0.2555458414728132
747,747,sell,-0.008223216490533652
748,748,tell,0.002021415655493214
749,749,yell,0.11681235422657416
750,750,furl,-0.15124354891087702
751,751,fine,-0.09292824898767224
752,752,kind,-0.04984305837751789
753,753,fold,-0.0543098108825881
754,754,font,-0.2798611113054653
755,755,food,-0.18563131373633107
756,756,ford,-0.1800117250696582
757,757,pond,-0.2234356727849019
758,758,funk,0.02521452230748871
759,759,belt,-0.22478371846481382
760,760,best,-0.08161082366922698
761,761,fiat,-0.31169871813323563
762,762,flat,-0.07468621178057755
763,763,frat,-0.2284408303974904
764,764,neat,-0.15981630005124067
765,765,peat,-0.22392321857902267
766,766,teat,-0.2114200909548311
767,767,pelt,-0.2160325836217717
768,768,gals,-0.3305276498755475
769,769,gyms,-0.016233767040693126
770,770,hems,-0.39575892890577286
771,771,gene,-0.4330065359559885
772,772,gins,-0.04531443902485353
773,773,guts,-0.07427013414489096
774,774,gobs,0.008993300364673941
775,775,gods,-0.09965709705364449
776,776,goos,-0.222670545932614
777,777,gill,0.016350333793540305
778,778,gilt,-0.010581432696751695
779,779,gird,-0.14434523826047785
780,780,bold,-0.1456756482945817
781,781,cold,-0.07220885192093311
782,782,golf,-0.2721688034619468
783,783,sold,-0.041974692251171404
784,784,vela,0.1666666666482507
785,785,hemp,-0.3638888890178277
786,786,neap,-0.1714957270017757
787,787,heir,-0.3344771242053568
788,788,hoar,-0.2759862279082737
789,789,heft,-0.2566666667592381
790,790,yelp,-0.185185185242794
791,791,hole,-0.1424457390775731
792,792,holy,-0.10000000041122568
793,793,hood,-0.09658341718025291
794,794,bard,-0.1949492603100199
795,795,hare,-0.16529878811648885
796,796,hark,-0.194428008440686
797,797,harm,-0.11098465080396983
798,798,harp,-0.14231586368292007
799,799,hart,-0.19150968130975146
800,800,lard,-0.21511904778203403
801,801,ward,-0.11069331502660455
802,802,yard,-0.08932178976552034
803,803,verb,-0.15000000001347946
804,804,were,-0.12607630208429316
805,805,heme,-0.3815972222816568
806,806,hire,-0.12025262358699666
807,807,mere,-0.14398846512864033
808,808,zero,0.19999999997925053
809,809,hips,0.012199473021860863
810,810,hiss,-0.06728395082506786
811,811,hits,-0.08791601889020094
812,812,hint,-0.27848193537362687
813,813,mewl,-0.4160839160897114
814,814,moan,-0.38139730672625527
815,815,moat,-0.2936698721711105
816,816,malt,-0.3310517458972766
817,817,molt,-0.24638860810062246
818,818,mole,-0.15876339483341903
819,819,mood,-0.15340541893453224
820,820,mine,-0.1372327647777751
821,821,mini,-0.024392274512221302
822,822,mink,-0.14708654478149952
823,823,mint,-0.19706407023759187
824,824,minx,-0.024392274650577334
825,825,kegs,-0.11008436030867842
826,826,megs,-0.2250773040814635
827,827,pigs,-0.1344344712187874
828,828,pugs,-0.0657968249018228
829,829,pans,-0.1306311198001877
830,830,pins,-0.14344762184072124
831,831,paps,-0.07394752357579339
832,832,pips,-0.08725775097062337
833,833,pops,-0.14105827457325654
834,834,reps,-0.2164351853200137
835,835,pats,-0.11095024098948687
836,836,pits,-0.17561817228130844
837,837,pots,-0.15535673941898628
838,838,puts,-0.14416767585194473
839,839,paws,-0.14429816959409125
840,840,teak,-0.09168771110816945
841,841,beck,-0.1673696098757227
842,842,deck,-0.18269751124997913
843,843,heck,-0.04375446015484049
844,844,neck,-0.03642857175401901
845,845,pack,-0.05598494173294754
846,846,pick,-0.04853896174519802
847,847,pock,0.036944678816009775
848,848,puck,-0.06050295913462543
849,849,jerk,0.12499999998532453
850,850,park,-0.21417598668676105
851,851,perm,-0.14666666692433178
852,852,pert,-0.341986501302893
853,853,pork,-0.3078052163764028
854,854,neon,-0.18750000001061598
855,855,prey,-0.3055555555841216
856,856,prop,-0.13417107633591902
857,857,kier,0.28333333322899074
858,858,rial,-0.13988095278254406
859,859,roam,-0.21173469415811352
860,860,roar,-0.20202664447720028
861,861,roan,-0.15734127021957814
862,862,rood,-0.13856782128344372
863,863,rank,-0.04416236120199631
864,864,rant,-0.2949702351504021
865,865,rest,0.12773606346160543
866,866,runt,-0.2691260828144372
867,867,ring,-0.04771367578873141
868,868,rink,-0.12477869395369857
869,869,down,-0.05000000051554998
870,870,gown,0.01041666579850175
871,871,soon,-0.14530023568439474
872,872,town,-0.1625371125921769
873,873,fern,0.16666666664825036
874,874,tarn,-0.21812777657389085
875,875,torn,-0.22447883339769087
876,876,turn,-0.2611538463915492
877,877,than,-0.1595238098906279
878,878,thee,-0.11224489835852124
879,879,they,-0.10142857156482701
880,880,thin,-0.38154761943096177
881,881,bads,-0.10078946805494908
882,882,bods,-0.1747651653747573
883,883,reds,-0.20271765297972458
884,884,zeds,-0.006313131367108353
885,885,bags,-0.07140366987857708
886,886,bogs,-0.10022523609495923
887,887,bugs,-0.07430280069393112
888,888,bats,-0.10342927383467267
889,889,beta,0.03333333331155222
890,890,bits,-0.12016543269194252
891,891,bays,-0.023179500020907712
892,892,boys,-0.16419135950112
893,893,buys,-0.19143170469751367
894,894,keys,-0.18750000036947345
895,895,lags,-0.0707411496307311
896,896,logs,-0.17762556185945175
897,897,lugs,-0.05178214646546206
898,898,lass,-0.15970257267084634
899,899,lest,-0.10216389291808005
900,900,loss,-0.2118228078836099
901,901,lats,-0.11004272150689556
902,902,lits,-0.13124071367423887
903,903,lots,-0.12235887672119888
904,904,lips,0.02035145015553801
905,905,swat,-0.04566733811357459
906,906,yeah,-0.048076923748099576
907,907,jots,-0.13273854453677708
908,908,juts,-0.09987058220778938
909,909,nett,-0.12574786368816038
910,910,nuts,-0.07285954835155335
911,911,fits,-0.08353581843324841
912,912,kits,-0.05962628707382946
913,913,sics,-0.2672080956393785
914,914,site,-0.17981685741408873
915,915,wits,-0.059427504041440565
916,916,zits,0.11292124450923
917,917,cots,-0.08320199076388088
918,918,dots,-0.12998587300144798
919,919,mots,-0.12442690790671979
920,920,rots,-0.15969972125708307
921,921,sols,-0.22035171422508473
922,922,soys,-0.12407018392901077
923,923,tots,-0.09221844605221416
924,924,vats,-0.03621903396577688
925,925,veto,0.0999999999883212
926,926,debs,-0.42141657951973094
927,927,dewy,0.023148147671287034
928,928,haws,-0.1006305109534851
929,929,maws,-0.07771854381801936
930,930,mows,-0.05190575590251358
931,931,newt,-0.06581196626057849
932,932,nows,-0.0751259163303953
933,933,caws,-0.03513559937873413
934,934,jaws,-0.04228115523326343
935,935,laws,-0.06429448679193314
936,936,raws,-0.03643616068728293
937,937,sacs,-0.21005268697300145
938,938,sags,-0.12137080026875413
939,939,sass,-0.1608020870696369
940,940,says,0.04118485309372254
941,941,yaws,-0.157426893205295
942,942,bows,-0.07562555087868786
943,943,cows,-0.06660672379752468
944,944,lows,-0.024500429361189117
945,945,rows,-0.016984003117783603
946,946,tows,-0.0732640305709165
947,947,vows,0.11903878166710467
948,948,wows,-0.037206832997745264
949,949,tans,-0.18412285001240533
950,950,tins,-0.18366064992547945
951,951,tons,-0.1759908539212076
952,952,tics,-0.3335042151899274
953,953,tips,0.004752936540323057
954,954,togs,-0.10740103452407268
955,955,toms,-0.15815189790997905
956,956,tops,-0.06919034638097012
957,957,tors,-0.14808252659006213
958,958,toss,-0.037905436993285795
959,959,toys,-0.04436879387970696
960,960,wads,-0.14312474601052738
961,961,wans,-0.12853482862566112
962,962,wins,-0.15790288540971165
963,963,woks,-0.3184523810683199
964,964,woos,-0.2594395615975069
965,965,berm,-0.10000000015573374
966,966,clam,-0.07888322109682891
967,967,swab,0.07123879147399902
968,968,swag,-0.027176573801223174
969,969,swap,-0.00915458068175083
970,970,germ,0.23333333324130212
971,971,ahem,0.19999999997925053
972,972,atop,0.09999999997575862
973,973,boar,-0.3287692678489114
974,974,soak,-0.19903846250772703
975,975,soap,-0.2962606840032546
976,976,stag,-0.0970238098079612
977,977,stir,0.12499999998532453
978,978,whir,-0.0075396830353955165
979,979,bald,-0.27143871799112246
980,980,bans,-0.12182045517262942
981,981,bane,-0.13591994228382792
982,982,bang,0.015370459951007455
983,983,bank,-0.10954111732051196
984,984,baud,-0.13072916697356307
985,985,bunt,-0.23041481640505096
986,986,bins,-0.2003632515331243
987,987,bird,-0.42575757585203305
988,988,bone,-0.1396174478141507
989,989,bong,-0.11913770096498892
990,990,bonk,-0.30341670890819333
991,991,bony,-0.20866596687220604
992,992,lane,-0.16844101928290237
993,993,lank,-0.055793792038002395
994,994,laud,-0.20500000020022494
995,995,left,-0.25170068088560005
996,996,lint,-0.264100367930376
997,997,hang,0.10496682221706301
998,998,hank,-0.11819558432952214
999,999,cane,-0.09709017839175674
1000,1000,mane,-0.11758210416686543
1001,1001,pane,-0.13919822519562536
1002,1002,safe,-0.025579459021229406
1003,1003,sage,-0.14352634053419397
1004,1004,sake,0.028005003324921764
1005,1005,sale,-0.0888899901380747
1006,1006,same,-0.10226113467506649
1007,1007,sate,-0.06242657641200077
1008,1008,save,0.02200280052404812
1009,1009,sine,-0.11369410838799926
1010,1010,vane,-0.11040407010908604
1011,1011,wane,-0.09737351711774007
1012,1012,dang,0.09439254921186446
1013,1013,fang,0.19414227137231183
1014,1014,gang,0.17003024952650642
1015,1015,pang,0.0027023360390877387
1016,1016,sing,-0.04524983612176311
1017,1017,song,-0.15504336383930387
1018,1018,tang,0.0932868099534032
1019,1019,yang,0.23337594290193162
1020,1020,cans,-0.10465486749248135
1021,1021,mans,-0.07723073950101193
1022,1022,vans,-0.07113436827152908
1023,1023,dank,-0.013179485250389238
1024,1024,sack,0.005371124124414454
1025,1025,sink,-0.12945992545512416
1026,1026,tank,-0.08202729234883731
1027,1027,yank,0.1311442496684533
1028,1028,want,-0.24114546182016275
1029,1029,cant,-0.2528292156535661
1030,1030,debt,-0.2634920635898008
1031,1031,deft,-0.20467687094190196
1032,1032,deny,-0.053645834130030254
1033,1033,wept,-0.18128982149625655
1034,1034,weft,-0.1788605495505609
1035,1035,west,0.039020908558813974
1036,1036,wont,-0.43762792779869
1037,1037,pant,-0.2744569908272106
1038,1038,pest,-0.09850078354538853
1039,1039,pint,-0.2006282892942565
1040,1040,punt,-0.22984598520931943
1041,1041,test,0.10208673737708836
1042,1042,text,-0.16302083342960982
1043,1043,tint,-0.20228402037987508
1044,1044,vest,0.13498155128637157
1045,1045,wine,-0.13523539685854616
1046,1046,wing,0.013361111801632778
1047,1047,wink,-0.1323042879252765
1048,1048,winy,-0.2374767843596499
1049,1049,tole,-0.12490285675769518
1050,1050,toll,-0.23489583350716692
1051,1051,wall,-0.04371626746881637
1052,1052,will,0.024955704825809007
1053,1053,wilt,-0.05871754567681687
1054,1054,wile,-0.16755058928163405
1055,1055,wily,-0.2781048236857877
1056,1056,wolf,-0.08333333367230437
1057,1057,wood,-0.1538665883986576
1058,1058,word,-0.20066849601128559
1059,1059,shiv,-0.08854166674678812
1060,1060,whim,-0.029336735228442514
1061,1061,what,-0.23855820142684825
1062,1062,whom,-0.01071428600429001
1063,1063,clay,-0.03583299460983865
1064,1064,flay,0.028096787026612207
1065,1065,play,-0.32959401746169553
1066,1066,spry,0.0999999999883212
1067,1067,away,-0.20454545455693707
1068,1068,choc,-0.15925925934524027
1069,1069,crow,-0.2509920638907378
1070,1070,craw,-0.23183106618347235
1071,1071,drew,-0.03794642883832473
1072,1072,grew,0.07812499948155087
1073,1073,know,-0.08854166728393442
1074,1074,snob,-0.12027116424890509
1075,1075,snog,-0.10926870813581575
1076,1076,ghee,-0.2658730158968685
1077,1077,wren,0.1666666666482507
1078,1078,aloe,0.003968253028645341
1079,1079,blot,-0.18126583978822927
1080,1080,clot,-0.1043698491062081
1081,1081,plot,0.0016723350447819094
1082,1082,knot,-0.02291666719959783
1083,1083,boot,-0.18223842413327204
1084,1084,coot,-0.19108319244106747
1085,1085,foot,-0.13655125521900804
1086,1086,hoot,-0.07415821395409923
1087,1087,loot,-0.13402629113763553
1088,1088,moot,-0.14408060918878388
1089,1089,root,-0.13934118549001756
1090,1090,soft,-0.36494047630412924
1091,1091,sort,-0.2319573285728986
1092,1092,toot,-0.171075810665679
1093,1093,chap,-0.2809523810548697
1094,1094,chip,-0.13624338696301405
1095,1095,clop,-0.1759684766648373
1096,1096,coop,-0.34152003727907887
1097,1097,crop,-0.2899646652864673
1098,1098,whip,-0.06286848127800188
1099,1099,flop,-0.13254646639360262
1100,1100,glop,-0.1994309268532977
1101,1101,plop,-0.06966490334876045
1102,1102,whoa,0.1999999992030166
1103,1103,blob,-0.11157407422283443
1104,1104,bloc,0.08730158723001509
1105,1105,brow,-0.05777777800422932
1106,1106,pleb,0.33333333330550463
1107,1107,flog,-0.23626056513843394
1108,1108,blue,0.10567460255544796
1109,1109,clue,0.054285713470798955
1110,1110,flus,-0.09583333377536539
1111,1111,flub,-0.11494949524796223
1112,1112,glue,-0.11505102092974255
1113,1113,tree,-0.12103174653728481
1114,1114,glen,0.24999999997633596
1115,1115,flab,0.026263508843399654
1116,1116,flag,0.13321886399802255
1117,1117,flak,0.2712412567097005
1118,1118,flan,0.09649731561616318
1119,1119,flap,0.0508555099227223
1120,1120,clan,-0.006529581649242343
1121,1121,clap,-0.1311324790306027
1122,1122,blab,-0.2357954546366333
1123,1123,snag,-0.21408730177805954
1124,1124,snap,-0.19863247891531494
1125,1125,glob,-0.09285714291069518
1126,1126,grow,-0.15886243413583312
1127,1127,plod,-0.011904762211132033
1128,1128,ploy,-0.04100529133096489
1129,1129,prow,-0.06856261082924864
1130,1130,clog,-0.07263916708031623
1131,1131,smog,0.05050504994152264
1132,1132,lair,-0.016565656670401496
1133,1133,mail,-0.040657439705531206
1134,1134,maim,-0.03165266111011337
1135,1135,pail,0.0386802901174689
1136,1136,pair,0.027272727175524928
1137,1137,rail,0.12908059082626436
1138,1138,bail,0.05158550571125695
1139,1139,fail,0.07175775885120908
1140,1140,hail,0.10996324519900914
1141,1141,jail,0.2936220640383559
1142,1142,nail,0.11348509397358991
1143,1143,soil,0.05618686856487026
1144,1144,tail,0.19654094514738277
1145,1145,wail,0.06415233894787441
1146,1146,akin,0.12499999998532453
1147,1147,alum,-0.06250000063870301
1148,1148,glum,-0.07857142892801383
1149,1149,plum,0.0033333327806593705
1150,1150,swig,-0.3111111113501244
1151,1151,knit,0.041666666611832194
1152,1152,unit,0.20833333284714445
1153,1153,chin,-0.01736111206103837
1154,1154,plug,0.0069444440215793435
1155,1155,smug,0.1458333330956781
1156,1156,snug,-0.07476190482393989
1157,1157,foul,-0.2201449014297774
1158,1158,loud,-0.42984127004812606
1159,1159,lout,-0.21679563556724402
1160,1160,poor,-0.2795351478173247
1161,1161,pouf,-0.2777777778334851
1162,1162,pout,-0.21395715439610488
1163,1163,nous,-0.24533403132196036
1164,1164,yous,-0.2686011914174587
1165,1165,sock,-0.030724831280766144
1166,1166,coup,-0.37121212121965774
1167,1167,tout,-0.18742152946556387
1168,1168,crux,0.4999999999615801
1169,1169,cabs,-0.08283306815076907
1170,1170,cobs,-0.007222913671026251
1171,1171,cube,-0.17375000064141402
1172,1172,cads,-0.05108870193723089
1173,1173,cods,-0.12046827718545214
1174,1174,caps,-0.04797897628517712
1175,1175,cops,-0.08640387782459562
1176,1176,burs,-0.22563168337758602
1177,1177,cars,-0.13955864116549335
1178,1178,furs,-0.3258928574720121
1179,1179,ours,-0.31032634042014606
1180,1180,buss,-0.24659761090128698
1181,1181,cusp,0.09999999998832132
1182,1182,muss,-0.316872839602797
1183,1183,cats,-0.02419058080764162
1184,1184,cute,-0.24558823602785906
1185,1185,outs,-0.06860738802447952
1186,1186,tuts,-0.05148346248858334
1187,1187,care,-0.17468181610406713
1188,1188,carp,-0.13073143677524976
1189,1189,cart,-0.1749451966054565
1190,1190,core,-0.15962491694897835
1191,1191,cork,-0.2046920812256324
1192,1192,corm,-0.04263353712559091
1193,1193,corn,-0.06047144672460682
1194,1194,lord,-0.3244897964379171
1195,1195,burl,-0.08926767717821983
1196,1196,cull,-0.03804459487417511
1197,1197,hurl,-0.10503454914726967
1198,1198,purl,-0.08102195467430666
1199,1199,cult,-0.4666666666824117
1200,1200,hurt,-0.3557936513361403
1201,1201,yurt,0.06111110995317204
1202,1202,hobs,0.025127789257694946
1203,1203,fugs,-0.056928380610283616
1204,1204,hags,-0.03217018373968863
1205,1205,hogs,-0.10385365794820191
1206,1206,huge,-0.16145833335804527
1207,1207,jugs,0.01016062205092775
1208,1208,mugs,-0.045372971821217765
1209,1209,tugs,0.002147949004051362
1210,1210,hams,-0.12351724131936148
1211,1211,hats,-0.08845828094564435
1212,1212,ribs,-0.1662061800446386
1213,1213,robs,-0.037869361140515444
1214,1214,ruby,0.0666666666603869
1215,1215,rags,-0.08250004742495644
1216,1216,rigs,-0.13268234325439396
1217,1217,rams,-0.1013133664313085
1218,1218,rump,0.04570275367290961
1219,1219,rung,-0.1266404124536198
1220,1220,rune,-0.36060606077785906
1221,1221,rats,-0.07723362694258422
1222,1222,docs,-0.22641594545645896
1223,1223,dogs,-0.18086418770713147
1224,1224,dons,-0.24754138529351094
1225,1225,doss,-0.21550056581769456
1226,1226,dabs,-0.14695175027123794
1227,1227,dads,-0.1324968678975554
1228,1228,dude,-0.15469697023287166
1229,1229,dull,-0.10776227772699351
1230,1230,dags,-0.0520192711240233
1231,1231,dune,-0.3040779398777173
1232,1232,dung,-0.09829039399762388
1233,1233,dunk,-0.14585702812649845
1234,1234,nabs,-0.18532077525927126
1235,1235,nobs,-0.04745144952837222
1236,1236,bobs,-0.017485637719412722
1237,1237,jobs,-0.0015077598726321445
1238,1238,lobs,-0.03803638085376646
1239,1239,mobs,0.025328349862598458
1240,1240,yobs,0.10355607112046916
1241,1241,tabs,-0.08296591973007926
1242,1242,tuba,0.0849206344416333
1243,1243,tube,-0.20476190552669352
1244,1244,mods,-0.07734816437299148
1245,1245,pads,-0.08772780048791005
1246,1246,pods,-0.0969191813282757
1247,1247,hods,-0.01985840675552505
1248,1248,nods,-0.08265036928480832
1249,1249,rods,-0.13637917114570444
1250,1250,soda,-0.27777777781782603
1251,1251,bump,0.02974282605261988
1252,1252,guys,-0.3313636364287456
1253,1253,moms,-0.16140159795773068
1254,1254,dump,0.1259920630379737
1255,1255,jump,0.3055555539145028
1256,1256,lump,0.04624368658533838
1257,1257,pump,-0.0308641979191235
1258,1258,tams,-0.15806994677081845
1259,1259,bung,-0.17143444044969794
1260,1260,bunk,-0.13433149246166304
1261,1261,gunk,0.1337854849508442
1262,1262,punk,-0.10678340368126671
1263,1263,puny,-0.36109449765298623
1264,1264,yins,-0.04173312077521654
1265,1265,hung,-0.051910936648338936
1266,1266,lung,0.010648147501368147
1267,1267,hunk,-0.16450056370920121
1268,1268,junk,0.18830891211563747
1269,1269,suck,-0.045633853690151646
1270,1270,sulk,-0.1826709406645369
1271,1271,cons,-0.24801255252769266
1272,1272,eons,0.012050346295281077
1273,1273,ions,-0.11218026707581509
1274,1274,tuna,0.003968253767966464
1275,1275,tune,-0.32263579696572176
1276,1276,pupa,-0.18055555571184576
1277,1277,baps,-0.006317540579101716
1278,1278,gaps,-0.028747890767485525
1279,1279,haps,0.022669820132015607
1280,1280,laps,0.0004795195692817629
1281,1281,maps,0.005483476329063463
1282,1282,naps,-0.016927536391308392
1283,1283,raps,-0.05629564972203062
1284,1284,taps,-0.0512290247138832
1285,1285,yaps,0.006091346200978875
1286,1286,zaps,0.10094041887534232
1287,1287,kips,0.05388860235890533
1288,1288,rips,-0.09604388835774688
1289,1289,yips,0.12219732589952276
1290,1290,zips,0.15661048224697335
1291,1291,bops,-0.027698373213433422
1292,1292,hops,-0.09305808374979462
1293,1293,lops,-0.07141579137596092
1294,1294,mops,-0.05487402977715067
1295,1295,oops,0.0329411763925853
1296,1296,duck,-0.07844794147209479
1297,1297,bust,-0.19394732294482941
1298,1298,dusk,-0.16692307750284693
1299,1299,gust,-0.024350650270685156
1300,1300,just,0.06335806954340786
1301,1301,must,-0.17622010984219566
1302,1302,oust,0.19606781971715703
1303,1303,rust,-0.13149022727756488
1304,1304,quid,0.2299999991159924
1305,1305,quin,0.19666666578347908
1306,1306,quip,0.4749999995476791
1307,1307,quiz,0.4749999995476792
1308,1308,lire,-0.1629941573668614
1309,1309,lore,-0.16355989931044776
1310,1310,lube,-0.1798611113923144
1311,1311,luge,-0.26324786355651614
1312,1312,lurk,-0.31496212179785205
1313,1313,lute,-0.25364583382869466
1314,1314,lyre,-0.156610644944882
1315,1315,pare,-0.17646701999487757
1316,1316,pore,-0.14904232540361906
1317,1317,puce,-0.2875724278668229
1318,1318,puke,-0.2752937540607575
1319,1319,pule,-0.27134483981368607
1320,1320,purr,-0.19336219338979196
1321,1321,pyre,-0.10454545516905807
1322,1322,dire,-0.17332270168054978
1323,1323,fire,-0.176016118252222
1324,1324,mire,-0.13364695358993003
1325,1325,side,-0.07859217197235639
1326,1326,size,-0.0694444445467352
1327,1327,tire,-0.08903497240740695
1328,1328,wire,-0.13934873615487053
1329,1329,bore,-0.10468016894176696
1330,1330,fore,-0.07537412159213733
1331,1331,gore,-0.018964928660562236
1332,1332,more,-0.1429941543681643
1333,1333,sole,-0.1768970350990021
1334,1334,some,-0.23073652564610161
1335,1335,tore,-0.14568741993410744
1336,1336,wore,-0.10955976945962931
1337,1337,yore,0.05119770274432274
1338,1338,self,-0.35858585859440506
1339,1339,ados,0.33333333330550463
1340,1340,bide,-0.19264914424918897
1341,1341,hide,-0.07666245842767624
1342,1342,ride,-0.1238215527045014
1343,1343,tide,-0.12350061608957232
1344,1344,wide,-0.100365570688439
1345,1345,bias,-0.22892434988368837
1346,1346,bibs,-0.17105436268493843
1347,1347,kiss,-0.05253696940858152
1348,1348,lads,-0.129144522456874
1349,1349,lido,-0.36805555589440775
1350,1350,awry,-0.12500000001417422
1351,1351,miry,-0.1372549020487041
1352,1352,wiry,-0.32638888918234976
1353,1353,fibs,-0.14917464929027327
1354,1354,figs,-0.11210648055965704
1355,1355,firm,-0.30676767708128067
1356,1356,bile,-0.18078255433382015
1357,1357,file,-0.14694776422374123
1358,1358,male,-0.1094619339516838
1359,1359,mike,-0.07973750160409379
1360,1360,mime,-0.08523618637115535
1361,1361,mite,-0.19148229729180724
1362,1362,mice,-0.17253867503252077
1363,1363,mule,-0.30398510585189803
1364,1364,pile,-0.13184578627061602
1365,1365,rile,-0.11739043559898074
1366,1366,tile,-0.1491096943631877
1367,1367,vile,-0.13108235997407064
1368,1368,bilk,-0.2720296459323009
1369,1369,silk,-0.34067651149719835
1370,1370,bill,0.05619462665052087
1371,1371,dill,0.07384139507556918
1372,1372,hill,0.13554744419361286
1373,1373,kill,0.11175591410357637
1374,1374,mall,-0.09963103922752609
1375,1375,mull,0.038168523152168336
1376,1376,pill,0.11569794518101464
1377,1377,rill,0.06279136608782497
1378,1378,sill,0.04910571425488159
1379,1379,till,0.07889414721248257
1380,1380,hilt,0.018444307943437474
1381,1381,jilt,0.07950126540053598
1382,1382,kilt,0.08079639596226461
1383,1383,lilt,-0.04719717447542207
1384,1384,mist,-0.2688538658388278
1385,1385,mitt,-0.25460585906024225
1386,1386,silt,-0.06466066032121176
1387,1387,tilt,0.01979497748694723
1388,1388,mass,-0.2198191723435888
1389,1389,moss,-0.23304054748008673
1390,1390,jibs,-0.1843547658351821
1391,1391,lily,-0.13194444448316434
1392,1392,only,0.24999999997633596
1393,1393,opts,-0.28906714205724177
1394,1394,cams,-0.09742320725288056
1395,1395,dais,-0.08228905614016316
1396,1396,damp,0.013551329401533863
1397,1397,days,0.0507734263438702
1398,1398,jams,-0.08741218738651847
1399,1399,lams,-0.12006273512591019
1400,1400,yams,-0.07973351834982692
1401,1401,gigs,-0.011316288183167308
1402,1402,jigs,-0.04790431801509372
1403,1403,wigs,-0.06054064455966838
1404,1404,dice,-0.18604978414555665
1405,1405,dike,-0.13716384706705112
1406,1406,dine,-0.15879380422365846
1407,1407,dive,-0.15665604291439572
1408,1408,dome,-0.08480259129908833
1409,1409,lime,-0.22605360359764262
1410,1410,rime,-0.07203547140872103
1411,1411,time,-0.21518648066527377
1412,1412,ding,-0.06544387676650036
1413,1413,icky,0.4999999999615801
1414,1414,obit,-1.6896040122560407e-11
1415,1415,baas,-0.18335195237311278
1416,1416,boas,-0.2301410467769376
1417,1417,eras,-0.13125000006704216
1418,1418,crag,-0.08960317495916928
1419,1419,drag,0.02708333258751728
1420,1420,boat,-0.35939870182599315
1421,1421,drat,-0.016599026451867647
1422,1422,prat,-0.19402356931886158
1423,1423,clod,-0.003930098025711269
1424,1424,coal,-0.2177901467594375
1425,1425,foal,-0.19785095875747039
1426,1426,coat,-0.30139991261310944
1427,1427,ghat,-0.12321428589294414
1428,1428,gnat,-0.005555555587390441
1429,1429,gout,-0.1485260775606738
1430,1430,goof,-0.14506820385651492
1431,1431,goon,-0.18794899596967465
1432,1432,goop,-0.21872502538347752
1433,1433,loaf,-0.07857142924698673
1434,1434,loam,-0.16726190502093574
1435,1435,loan,-0.23701558910985557
1436,1436,crib,0.1666666666482507
1437,1437,draw,-0.028571429468370355
1438,1438,drub,-0.002500000121619994
1439,1439,drum,-0.0812500005111507
1440,1440,trey,-0.262500000287509
1441,1441,troy,-0.10416666702790259
1442,1442,wrap,0.19999999997925053
1443,1443,prod,-0.03078231338182364
1444,1444,trot,-0.19658119662342868
1445,1445,from,-0.270833333342708
1446,1446,pros,0.2567460312698853
1447,1447,prof,0.026917988896475103
1448,1448,twig,-0.3333333333424688
1449,1449,fair,0.030735930665339518
1450,1450,faun,0.007575757319040255
1451,1451,fawn,0.05140692609772476
1452,1452,lawn,-0.03437951017530353
1453,1453,loin,-0.43881118886089787
1454,1454,pawn,-0.0521189339411494
1455,1455,rein,0.02020201994715154
1456,1456,ruin,-0.20606060611341928
1457,1457,vein,-0.15972222289445717
1458,1458,waif,-0.13352272734371629
1459,1459,warn,-0.1724142528996553
1460,1460,baht,0.016666665826611964
1461,1461,bast,-0.21504273531767013
1462,1462,waft,-0.14257964279553736
1463,1463,wart,-0.1733681599824789
1464,1464,watt,-0.02661227673523944
1465,1465,chit,-0.058862434832643716
1466,1466,whiz,0.22182539653323777
1467,1467,deli,0.07692307691495326
1468,1468,doll,-0.10494335923627708
1469,1469,vial,0.014204544753770035
1470,1470,veil,-0.28787878788848564
1471,1471,boor,-0.21449730014923774
1472,1472,doom,-0.22037037066047127
1473,1473,moor,-0.21530794173291629
1474,1474,dart,-0.1721527785107188
1475,1475,dirk,-0.43333333336840346
1476,1476,fief,0.19999999997925053
1477,1477,limn,-0.13015873064458552
1478,1478,lion,-0.3235653235874483
1479,1479,mien,0.1428571428407155
1480,1480,fads,-0.09133673120132178
1481,1481,fats,-0.0499520650729799
1482,1482,fays,0.11159043513481876
1483,1483,keno,0.08333333332413427
1484,1484,fuse,-0.31944444450546167
1485,1485,mesa,0.049999999706277665
1486,1486,mesh,-0.15583333378622663
1487,1487,cogs,-0.08514808854159932
1488,1488,fogy,-0.2254273504959279
1489,1489,jogs,-0.09315769746710927
1490,1490,ball,-0.12338814328355253
1491,1491,boll,-0.25586517559747907
1492,1492,bull,-0.0832122786437425
1493,1493,call,-0.04634971523860234
1494,1494,gall,-0.07490735789074027
1495,1495,hall,-0.09904084672701419
1496,1496,pall,-0.11275551748035179
1497,1497,tall,-0.08923395604187216
1498,1498,film,-0.24294871797526252
1499,1499,gull,-0.008045080305130443
1500,1500,hull,-0.03731492910781172
1501,1501,lull,0.008899433613734053
1502,1503,pull,-0.039268618983307
1503,1504,fury,-0.05868055599465004
1504,1505,fife,-0.0914900576677913
1505,1506,five,-0.021635202019228396
1506,1507,kine,-0.06482075033706673
1507,1508,line,-0.14407327354933136
1508,1509,nine,-0.07132195592117412
1509,1510,pine,-0.12411898806537454
1510,1511,tine,-0.14280260125294686
1511,1512,vine,-0.0993965003808397
1512,1513,king,0.05319596972511137
1513,1514,kink,-0.042142348640243986
1514,1515,folk,-0.1319444445034549
1515,1516,fort,-0.13753787957194621
1516,1517,fool,-0.22564935102915706
1517,1518,fork,-0.09014362407038373
1518,1519,form,-0.21318870594683081
1519,1520,pone,-0.14668562360244264
1520,1521,pong,-0.1390229496683954
1521,1522,pony,-0.279357247681469
1522,1523,bolt,-0.2886204484678976
1523,1524,jest,0.16159030492586296
1524,1525,nest,0.02399473300692763
1525,1526,zest,0.26671008697488285
1526,1527,fist,-0.36018518541089134
1527,1528,next,0.05179487107414702
1528,1529,that,-0.2598214289339322
1529,1530,pelf,-0.27777777778791
1530,1531,gabs,-0.09830034332241212
1531,1532,gads,-0.06852815148997271
1532,1533,gags,-0.062495144178019685
1533,1534,gala,-0.19609557123541133
1534,1535,gale,-0.14182750366408595
1535,1536,gars,-0.0969644906841052
1536,1537,gays,0.02907159283992612
1537,1538,pals,-0.24432252483176453
1538,1539,gone,-0.07640375985798518
1539,1540,boos,-0.19074663011185344
1540,1541,coos,-0.21956624872413685
1541,1542,loos,-0.19909481053331338
1542,1543,moos,-0.18798928281361807
1543,1544,zoos,-0.11136422266707775
1544,1545,girl,-0.03125000014403418
1545,1546,gift,-0.0787301588597464
1546,1547,gist,-0.24375000023028812
1547,1548,giro,-6.981607884407974e-11
1548,1549,bola,-0.17725256825602573
1549,1550,bole,-0.18184965514029652
1550,1551,cola,-0.23930117549058463
1551,1552,colt,-0.2949891778690121
1552,1553,gulf,-0.4020833333592985
1553,1554,solo,-0.30878787883771963
1554,1555,temp,-0.3444444444513831
1555,1556,hair,-0.12589743617694696
1556,1557,hoax,-0.25000000001012845
1557,1558,haft,-0.18349867755922633
1558,1559,dole,-0.09910133002800217
1559,1560,hale,-0.13643471894035372
1560,1561,home,-0.21776556824569177
1561,1562,hone,-0.06699829085450781
1562,1563,hope,-0.17943821300446192
1563,1564,hose,-0.1435347989697967
1564,1565,pole,-0.16198644377853877
1565,1566,role,-0.12541617981440298
1566,1567,vole,-0.10597146150801506
1567,1568,hoof,-0.08020261017323765
1568,1569,hook,-0.09682774532921219
1569,1570,hoop,-0.1016822466020849
1570,1571,bars,-0.17627487178150378
1571,1572,barb,-0.027443804474198957
1572,1573,bare,-0.1906749201073983
1573,1574,barf,0.02800206972239211
1574,1575,bark,-0.1896005206957203
1575,1576,barn,-0.18821960611555869
1576,1577,dare,-0.1218775115072292
1577,1578,fare,-0.16049987211011751
1578,1579,hake,0.0009333170299940851
1579,1580,hate,-0.019457378406671454
1580,1581,have,-0.05384645538192419
1581,1582,haze,-0.045587052487051215
1582,1583,mare,-0.14494056120679383
1583,1584,rare,-0.05468227300367302
1584,1585,tare,-0.17913339127353017
1585,1586,ware,-0.1671994536478293
1586,1587,dark,-0.19372895695144848
1587,1588,hack,-0.05054003581202822
1588,1589,hawk,-0.437655677725028
1589,1590,lark,-0.1827101144629992
1590,1591,mark,-0.1915782441576598
1591,1592,farm,-0.267828662859606
1592,1593,warm,-0.09667654608671061
1593,1594,hasp,-0.03454545466237095
1594,1595,tarp,-0.14320421286328514
1595,1596,warp,-0.09205985982178118
1596,1597,halt,-0.2648689277445821
1597,1598,mart,-0.17236677429767558
1598,1599,part,-0.196919007486876
1599,1600,tart,-0.17623586354012039
1600,1601,wars,-0.1617853711891637
1601,1602,wary,-0.2192100957432499
1602,1603,yarn,-0.2448870577163347
1603,1604,very,-0.08333333334740811
1604,1605,hike,-0.12993827191724805
1605,1606,hive,-0.047915171893790465
1606,1607,mete,-0.18665435885125672
1607,1608,hunt,-0.28621066489177743
1608,1609,moon,-0.18321121866409645
1609,1610,morn,-0.1591576831278142
1610,1611,most,-0.2772070052053834
1611,1612,mast,-0.18652777800610248
1612,1613,salt,-0.22688933912418374
1613,1614,jolt,-0.10500000044536925
1614,1615,volt,-0.060000000802150025
1615,1616,mode,-0.1249822921507007
1616,1617,mope,-0.07270432048673361
1617,1618,mote,-0.20005307428875166
1618,1619,moue,-0.02096908976924992
1619,1620,move,-0.04050221737067765
1620,1621,midi,0.1666666666482507
1621,1622,link,-0.12644993931921794
1622,1623,monk,-0.20900329863998826
1623,1624,oink,0.1126373616673695
1624,1625,pink,-0.1122721751432511
1625,1626,jinx,0.1666666666482507
1626,1627,pars,-0.13876672233104392
1627,1628,pass,-0.12877313762086656
1628,1629,pays,0.062096864589694024
1629,1630,ping,-0.05729770750844386
1630,1631,papa,-0.1822222222896095
1631,1632,pipe,-0.314169352758615
1632,1633,pols,-0.2877165698881575
1633,1634,pope,-0.1491224096525652
1634,1635,refs,0.27777777766891526
1635,1636,revs,0.27777777766891537
1636,1637,eats,0.060378275931455234
1637,1638,mats,-0.06011753622096026
1638,1639,oats,-0.110634944096802
1639,1640,pate,-0.06924589360165073
1640,1641,path,-0.089635854466914
1641,1642,tats,-0.053001830979268964
1642,1643,pita,-0.12916666697839627
1643,1644,pith,-0.1490079366610638
1644,1645,pity,-0.08750000021672465
1645,1646,putt,-0.2399621222638593
1646,1647,pawl,-0.23965643292351635
1647,1648,back,-0.05380443664764716
1648,1649,bock,0.022143774501366946
1649,1650,buck,-0.025389994788083927
1650,1651,deco,-0.1875000000121959
1651,1652,desk,-0.2236111112073674
1652,1653,dock,0.001504555717249652
1653,1654,hick,0.08762146909791362
1654,1655,hock,0.005080389116526427
1655,1656,nick,0.031190475882799495
1656,1657,jack,0.11800891960032464
1657,1658,lack,-0.09842852501996517
1658,1659,mack,-0.06477842639155229
1659,1660,pace,-0.19237501258728976
1660,1661,pact,-0.26851125113554203
1661,1662,rack,-0.023851694586671555
1662,1663,tack,-0.1351943893492638
1663,1664,kick,0.09517676740238055
1664,1665,lick,0.053616522034501755
1665,1666,pica,-0.39285714286494516
1666,1667,rick,-0.0768807121505335
1667,1668,sick,-0.04773242661664888
1668,1669,tick,0.02998819323172415
1669,1670,wick,0.16099887747192168
1670,1671,jock,0.19769705493852513
1671,1672,lock,-0.09529299437164808
1672,1673,mock,0.07881159207321044
1673,1674,rock,0.059981222108802336
1674,1675,luck,0.025965511416506645
1675,1676,muck,-0.012043512596888342
1676,1677,ruck,0.05773090489868051
1677,1678,tuck,0.0467744750601541
1678,1679,para,-0.22077922094105235
1679,1680,port,-0.26903324065205997
1680,1681,work,-0.07836236261692846
1681,1682,noon,-0.21172577443490342
1682,1683,foam,-0.4742965368368073
1683,1684,room,-0.18520723117743298
1684,1685,roof,-0.12371031767458199
1685,1686,rook,-0.0658374038330756
1686,1687,raft,-0.28105158755418275
1687,1688,rapt,-0.3361111111362916
1688,1689,aunt,0.04090909075287452
1689,1690,ting,-0.03835214540144972
1690,1691,zing,0.10649038408997763
1691,1692,risk,-0.4171794874255351
1692,1693,dawn,-0.01476190566058364
1693,1694,boon,-0.15572072985576238
1694,1695,loon,-0.23062163177513237
1695,1696,earn,-0.11965811988952747
1696,1697,tars,-0.16947414284559406
1697,1698,taro,-0.28864949978648863
1698,1699,born,-0.1862443887009816
1699,1700,horn,0.11505438964861096
1700,1701,tort,-0.25549501052669643
1701,1702,tori,-0.08573926083100175
1702,1703,worn,-0.06930396190200197
1703,1704,burn,-0.1390852980349494
1704,1705,khan,0.19999999997925044
1705,1706,thaw,0.1166666652073326
1706,1707,twee,0.05952380828280612
1707,1708,this,-0.23958333368877244
1708,1709,twin,-0.25000000001116496
1709,1710,bass,-0.19544092715146452
1710,1711,tads,-0.032891758248233496
1711,1712,bode,-0.27644353274002786
1712,1713,body,-0.2485795461734725
1713,1714,boss,-0.18546860247971825
1714,1715,redo,0.11111111109800764
1715,1716,jags,-0.037696685534020564
1716,1717,nags,-0.0009890379884466749
1717,1718,tags,-0.040582808752107576
1718,1719,wags,-0.08071628719606663
1719,1720,bate,-0.13680900769491575
1720,1721,bath,-0.06104025380551277
1721,1722,zeta,0.4999999999615801
1722,1723,bite,-0.20800227809963615
1723,1724,cays,0.08809288551517638
1724,1725,hays,0.11155260874047518
1725,1726,jays,0.058193397440288314
1726,1727,lays,0.06102081847540287
1727,1728,mays,0.01759035498112347
1728,1729,nays,0.10016609910336545
1729,1730,rays,0.1105216405920278
1730,1731,ways,0.07588138427550217
1731,1732,joys,-0.23450022789017888
1732,1733,labs,-0.058370833469091395
1733,1734,lacs,-0.15987537135128999
1734,1735,lavs,-0.08225697804712931
1735,1736,loge,-0.17622421459769758
1736,1737,logo,-0.2230263159682446
1737,1738,logy,-0.07894736867612742
1738,1739,lash,0.008255205823561694
1739,1740,last,-0.12429029351656688
1740,1741,list,-0.31194444487789413
1741,1742,lost,-0.29898885890744964
1742,1743,lose,-0.14046551862780463
1743,1744,late,-0.11193014509387655
1744,1745,lath,-0.05034885781747137
1745,1746,lite,-0.19091581103495814
1746,1747,jute,-0.20625000032311003
1747,1748,kite,-0.1923047000600351
1748,1749,kith,-0.13045634925050795
1749,1750,cite,-0.20046750200190544
1750,1751,rite,-0.1387158673159909
1751,1752,with,-0.22195512822956412
1752,1753,cote,-0.17395811330981598
1753,1754,dote,-0.09473680470884623
1754,1755,moth,-0.23842592679302646
1755,1756,rota,-0.1385620915549674
1756,1757,rote,-0.14930751980915288
1757,1758,tote,-0.13545235637052125
1758,1759,vacs,-0.21308982710806226
1759,1760,defy,0.04960317402943407
1760,1761,macs,-0.17344289385543557
1761,1762,mars,-0.1538419686810784
1762,1763,jabs,-0.11477277941158971
1763,1764,jars,-0.09598359048711864
1764,1765,saga,-0.04620927326102206
1765,1766,sago,0.04072681698669275
1766,1767,sash,0.1842395101900141
1767,1768,yaks,-0.3245535714777333
1768,1769,yawl,-0.24952380957430959
1769,1770,yawn,-0.13503401409954488
1770,1771,bowl,-0.15123456839060012
1771,1772,cowl,-0.09185505928745862
1772,1773,taus,-0.21744442648108403
1773,1774,tiny,-0.1742258109000312
1774,1775,tone,-0.12954930982371166
1775,1776,toga,-0.22368421053711807
1776,1777,tomb,-0.04309523816871873
1777,1778,tome,-0.23230444361495026
1778,1779,wade,-0.23399611782971183
1779,1780,wadi,-0.10641025680790528
1780,1781,woke,-0.21553884734867773
1781,1782,woof,-0.10947646153121991
1782,1783,wool,-0.1881106992896697
1783,1784,berg,-0.3375000000071997
1784,1785,atom,0.4999999999615801
1785,1786,bale,-0.13359564038116975
1786,1787,balk,-0.2605218861666855
1787,1788,balm,-0.14183501724654315
1788,1789,babe,-0.1222040874810718
1789,1790,bake,-0.05406778481976054
1790,1791,base,-0.259954416228895
1791,1792,bask,-0.21324977121860691
1792,1793,butt,-0.11785714311097753
1793,1794,cone,-0.1314640198430955
1794,1795,done,-0.13755743142874177
1795,1796,lone,-0.1341556693974708
1796,1797,none,-0.10302426596102658
1797,1798,zone,0.10595176559907954
1798,1799,gong,-0.01365740798559989
1799,1800,long,-0.0670687137840942
1800,1801,book,-0.12864462035854643
1801,1802,conk,-0.26138838056427244
1802,1803,honk,-0.31624270836766066
1803,1804,wonk,-0.3132653064916696
1804,1805,boxy,-0.1388888889228189
1805,1806,cony,-0.27773526099280293
1806,1807,lace,-0.13228870838264079
1807,1808,lade,-0.17829762175065703
1808,1809,lake,-0.015741217169819355
1809,1810,lame,-0.2071061291903538
1810,1811,lave,-0.14512968649484945
1811,1812,laze,-0.04923987294683305
1812,1813,lift,-0.24369488581742912
1813,1814,loft,-0.294295635120786
1814,1815,lino,-0.2807539689412099
1815,1816,cafe,-0.09319880343653623
1816,1817,cage,-0.03993071366076683
1817,1818,cake,-0.03726491666235396
1818,1819,cape,-0.15618712908633647
1819,1820,case,-0.21729227423171601
1820,1821,cave,-0.03807191891476638
1821,1822,came,-0.138981261408357
1822,1823,mace,-0.1258436344447368
1823,1824,made,-0.13719763595472906
1824,1825,make,0.00520758924800942
1825,1826,many,-0.01536885257073705
1826,1827,mate,-0.11453572200305974
1827,1828,maze,-0.009686839865677217
1828,1829,page,-0.09208794073237157
1829,1830,pale,-0.14143554134817854
1830,1831,pave,-0.0248205508736753
1831,1832,rage,-0.1503579757328843
1832,1833,wage,-0.12329617114644385
1833,1834,fake,0.03738459726539477
1834,1835,rake,0.04047711196062775
1835,1836,take,-0.06684542286703339
1836,1837,wake,-0.04680772487496208
1837,1838,dale,-0.03792745793110383
1838,1839,kale,0.08790916652557029
1839,1840,tale,-0.14056055744568416
1840,1841,vale,-0.04620854359135002
1841,1842,wale,-0.10549536359301101
1842,1843,fame,-0.16676868222402655
1843,1844,game,-0.09953922800339522
1844,1845,name,-0.10799372691534488
1845,1846,tame,-0.23800007904918324
1846,1847,date,-0.04614378358923427
1847,1848,fate,-0.04408962953658748
1848,1849,gate,-0.03290316224105501
1849,1850,rate,-0.07794908372854166
1850,1851,gave,-0.06397838686078898
1851,1852,nave,-0.08880847297785834
1852,1853,rave,-0.08382948378909964
1853,1854,wave,-0.08799758074049427
1854,1855,vase,-0.30032269349947077
1855,1856,talk,-0.2521583411762925
1856,1857,task,-0.2276098903709721
1857,1858,cast,-0.17083551405568329
1858,1859,daft,-0.10035714350658373
1859,1860,kept,0.09999999997575862
1860,1861,wort,-0.1210445195511658
1861,1862,past,-0.1807630748140898
1862,1863,peso,0.058823529398018375
1863,1864,post,-0.3270348057151407
1864,1865,psst,-0.12615815559073842
1865,1866,vast,-0.021264229869967004
1866,1867,wife,-0.005797221454033575
1867,1868,wipe,-0.042946491821086945
1868,1869,wise,-0.1986829533441334
1869,1870,wive,-0.048906989658253325
1870,1871,loll,-0.017592593192602535
1871,1872,poll,-0.2118864873697277
1872,1873,roll,-0.1071676591126195
1873,1874,toil,0.033389449638240275
1874,1875,tool,-0.261580433666767
1875,1876,walk,-0.15804234237509845
1876,1877,worm,-0.052140484187166866
1877,1878,chat,-0.2639455783620574
1878,1879,cloy,0.03641381733586141
1879,1880,plan,0.05176767641628611
1880,1881,chic,0.07999999936836896
1881,1882,knob,0.13888888862825285
1882,1883,knew,0.08333333331242433
1883,1884,boom,-0.05955902854643041
1884,1885,bout,-0.11396037615516874
1885,1886,cook,-0.14445206380328707
1886,1887,cool,-0.259033269016315
1887,1888,cost,-0.2524809222126684
1888,1889,host,-0.19775641089224652
1889,1890,look,-0.05604841115353165
1890,1891,loom,-0.1385093013293665
1891,1892,loop,-0.11630786526906817
1892,1893,riot,-0.3928571428622962
1893,1894,rout,-0.12896825455550368
1894,1895,sift,-0.15462759496601894
1895,1896,sofa,-0.23333333334502793
1896,1897,took,0.047873422075168454
1897,1898,char,0.0063492063162205
1898,1899,chis,0.01851851798634098
1899,1900,frog,-0.28571428572410357
1900,1901,club,-0.24444444474025792
1901,1902,plus,-0.11666666672746791
1902,1903,glut,-0.2793650793904136
1903,1904,trek,0.08333333198622482
1904,1905,true,0.1666666666482507
1905,1906,elan,0.11868686861021899
1906,1907,cyan,0.11111111109800764
1907,1908,blah,0.24999999997633596
1908,1909,glib,0.19999999997925053
1909,1910,grog,-0.25000000001116496
1910,1911,marl,-0.35765132168712677
1911,1912,maul,-0.06727941255346234
1912,1913,moil,0.16146155391399306
1913,1914,roil,0.07721445203845106
1914,1915,bawl,-0.22555555562051519
1915,1916,boil,0.037379749220860105
1916,1917,foil,-0.02328643604114632
1917,1918,haul,-0.05048077027264408
1918,1919,naif,-0.1946721311892122
1919,1920,coil,-0.08266102600120949
1920,1921,arum,-0.2500000000114526
1921,1922,"Missing[""unix""
coin""",0.12499999980456859
1922,1923,fowl,0.000593233483764305
1923,1924,poof,-0.2977292775585765
1924,1925,pooh,-0.25554653695453167
1925,1926,pool,-0.2666486296177587
1926,1927,poet,-0.11162587419121775
1927,1928,noun,-0.36607142857926117
1928,1929,taut,-0.3722222224960331
1929,1930,coda,-0.25664160416431364
1930,1931,code,-0.15540154195271064
1931,1932,capo,-0.141666666862569
1932,1933,cope,-0.13424311224508972
1933,1934,copy,-0.20647321437328015
1934,1935,burg,-0.06503314405963818
1935,1936,burp,0.04139996846095211
1936,1937,burr,0.08934755667466569
1937,1938,bury,-0.04868686887761906
1938,1939,ears,-0.14058339994913366
1939,1940,oars,-0.13131482803619846
1940,1941,bush,-0.03379003496300397
1941,1942,busk,-0.14974758176689146
1942,1943,busy,-0.23037240578576565
1943,1944,muse,-0.2983878971055567
1944,1945,mush,-0.09690055374188837
1945,1946,musk,-0.13520935108527307
1946,1947,mute,-0.30334298939195403
1947,1948,tutu,0.0666666666603869
1948,1949,camp,-0.03875241442198424
1949,1950,coke,-0.14661584169966024
1950,1951,come,-0.20886703939675774
1951,1952,cove,-0.08368826070597735
1952,1953,dorm,-0.22689393977506409
1953,1954,norm,0.1075757573743748
1954,1955,hobo,0.06249999999065325
1955,1956,robe,-0.08066349096389958
1956,1957,ramp,-0.13511704385854653
1957,1958,romp,-0.0277777780805472
1958,1959,"Missing[""june""
rude""",0.12499999980456829
1959,1960,rule,-0.2674272497831463
1960,1961,ruse,-0.3615437035945111
1961,1962,doge,-0.040518301552811886
1962,1963,dose,-0.05899655933094895
1963,1964,dado,0.03333333331155222
1964,1965,duke,-0.14880952412352735
1965,1966,dupe,-0.12201704576723879
1966,1967,nude,-0.255555555607772
1967,1968,duly,0.03571428569241766
1968,1969,dyne,-0.14718614720852444
1969,1970,lobe,-0.13591237751244697
1970,1971,node,-0.23852536372124272
1971,1972,rode,-0.08233866439655767
1972,1973,dumb,0.12499999998532453
1973,1974,lamp,-0.15306637855905228
1974,1975,limp,-0.21903409143639122
1975,1976,pomp,0.0833333328244179
1976,1977,pulp,-0.3775793653766792
1977,1978,puma,-0.27777777778791
1978,1979,tamp,-0.1206967339036512
1979,1980,bulk,-0.24339981094984006
1980,1981,hulk,-0.23203347632698026
1981,1982,husk,-0.131730769611469
1982,1983,such,0.09401709398971868
1983,1984,gape,-0.19226788641959572
1984,1985,nape,-0.1556210159160594
1985,1986,tape,-0.2639555414290068
1986,1987,ripe,-0.11680141107393717
1987,1988,lope,-0.04750208335556094
1988,1989,oohs,0.0999999999883212
1989,1990,disk,-0.3250000003034245
1990,1991,rusk,-0.10820707120427524
1991,1992,tusk,-0.05999885567447148
1992,1993,gush,0.06576631618385599
1993,1994,mutt,-0.2342857145658936
1994,1995,rush,0.019438263188383573
1995,1996,quad,0.09999999997575862
1996,1997,life,-0.18075881660526444
1997,1998,like,-0.09863498472124564
1998,1999,lira,0.05882352939801816
1999,2000,live,-0.09315551378333094
2000,2001,lode,-0.1139649156276935
2001,2002,love,-0.11281124442669589
2002,2003,murk,-0.21875000050009252
2003,2004,byre,-0.17641304375922584
2004,2005,poke,-0.24411389082431179
2005,2006,pose,-0.20943129105939814
2006,2007,nuke,-0.04365079371909814
2007,2008,pike,-0.22022822280030502
2008,2009,gory,-0.2916666666751757
2009,2010,yoke,0.06331168800015288
2010,2011,bike,-0.16955367197141463
2011,2012,rice,-0.18453494258250433
2012,2013,rife,-0.14538706053261224
2013,2014,rise,-0.15642726467949652
2014,2015,rive,-0.0877704312833261
2015,2016,tidy,-0.09090909096859334
2016,2017,lady,-0.07291666672280761
2017,2018,limo,-0.0958333343135113
2018,2019,ludo,0.12499999997506386
2019,2020,mica,-0.2916666666762122
2020,2021,nice,-0.22003205145422655
2021,2022,vice,-0.12093349385669099
2022,2023,vibe,-0.20566239345111303
2023,2024,vise,-0.27684945274337014
2024,2025,silo,-0.2844871795607418
2025,2026,kiln,0.07900432865538175
2026,2027,kilo,0.033712120945684224
2027,2028,mash,-0.060913826192417427
2028,2029,mask,-0.1951609353366846
2029,2030,mosh,-0.1123449574870089
2030,2031,jibe,-0.279513888985931
2031,2032,vamp,0.1809884554632961
2032,2033,drys,0.05263157892664905
2033,2034,jamb,0.018620268595989253
2034,2035,lama,-0.12788600305285244
2035,2036,lamb,-0.16446093636661976
2036,2037,dace,-0.1275378791645924
2037,2038,diva,-0.21428571429682053
2038,2039,dove,-0.057628749696137946
2039,2040,give,-0.031211272548419617
2040,2041,jive,0.008651774225700064
2041,2042,dope,-0.07287265771968308
2042,2043,doze,-0.15783345466159363
2043,2044,limb,0.002976188898102028
2044,2045,omit,-0.12500000001275646
2045,2046,ergs,-0.03125000006918851
2046,2047,errs,-0.19658119662342877
2047,2048,etas,0.24999999997633596
2048,2049,drug,0.08194444404161612
2049,2050,coax,-0.21957671959840255
2050,2051,gnaw,0.33333333330550463
2051,2052,daub,0.19999999997925053
2052,2053,join,0.12499999997506386
2053,2054,bash,-0.06382515093141261
2054,2055,east,-0.001984127344629774
2055,2056,fast,-0.05776014139537035
2056,2057,viol,0.24999999997633596
2057,2058,zoom,-0.010634921065121027
2058,2059,kirk,-0.3666666666807586
2059,2060,fade,-0.13251006968882698
2060,2061,fume,-0.33653846154694855
2061,2062,foxy,-0.1666666666799933
2062,2063,bulb,-0.07222222278821555
2063,2064,calf,-0.3104166667291094
2064,2065,calm,-0.08333333340225246
2065,2066,half,-0.07486111133479546
2066,2067,halo,0.04861111091046924
2067,2068,palm,-0.17202797223203428
2068,2069,talc,-0.08903508775091877
2069,2070,gulp,-0.08333333374734282
2070,2071,hula,-0.006410257287625509
2071,2072,lulu,0.04999999997755536
2072,2073,jury,0.09999999970822485
2073,2074,vino,-0.07812500041455517
2074,2075,yolk,0.33333333330550463
2075,2076,poky,-0.09623015908898543
2076,2077,posy,-0.16977962536202731
2077,2078,fish,-0.2555555555985474
2078,2079,gaga,-0.15740740760526525
2079,2080,gaze,-0.05623341400596988
2080,2081,garb,-0.09598214358028123
2081,2082,rift,-0.37808302815982514
2082,2083,gyro,-0.1666666666789568
2083,2084,kola,0.05952380828280612
2084,2085,coca,-0.10761904791571793
2085,2086,coma,-0.1619047622988282
2086,2087,guff,0.19374999903225495
2087,2088,polo,-0.13519736862797777
2088,2089,hype,-0.1944444446775312
2089,2090,rope,-0.03716470637251506
2090,2091,nose,-0.20107142880854498
2091,2092,rose,-0.1700814006871088
2092,2093,rove,-0.06558140560211176
2093,2094,roue,-0.10523369649174534
2094,2095,vote,-0.03620349696109377
2095,2096,kook,0.1930708168562631
2096,2097,nook,0.07776251452615555
2097,2098,daze,-0.06963869481325874
2098,2099,face,-0.09074200729843955
2099,2100,faro,-0.22697368432864087
2100,2101,faze,0.03511334649278727
2101,2102,hazy,-0.06250000028129576
2102,2103,raze,-0.055633950049441674
2103,2104,race,-0.14195670467551832
2104,2105,gawk,-0.15000000001347946
2105,2106,gasp,-0.025000000226494356
2106,2107,hash,0.16563802322108853
2107,2108,rasp,-0.09898989920826944
2108,2109,wasp,-0.1547979802564146
2109,2110,tact,-0.25396825432784437
2110,2111,nary,-0.11363387990669874
2111,2112,vary,-0.2000000000225782
2112,2113,wavy,-0.0729166668952608
2113,2114,waxy,0.08333333310473806
2114,2115,fete,-0.08088235299012014
2115,2116,note,-0.10256887307519798
2116,2117,mono,0.1428571428407155
2117,2118,math,-0.09093113694515938
2118,2119,oafs,-0.02319004543299137
2119,2120,oaks,-0.21069004542848277
2120,2121,oath,0.08964285645470522
2121,2122,city,-0.31944444445363995
2122,2123,demo,0.24999999997234204
2123,2124,lacy,-0.14791666690803829
2124,2125,fact,-0.29910714354514883
2125,2126,racy,-0.13095238183980226
2126,2127,taco,-0.19861111145173208
2127,2128,rich,-0.11666666705433437
2128,2129,loch,0.11666666630894118
2129,2130,loco,-0.21000000028680116
2130,2131,loci,0.18333333325165813
2131,2132,much,-0.10000000035653939
2132,2133,zinc,0.12499999998532453
2133,2134,earl,-0.20673076927566872
2134,2135,tyro,-0.3472222222303701
2135,2136,phis,0.05555555551425048
2136,2137,thus,-0.22500000002316467
2137,2138,bosh,-0.06934440602095636
2138,2139,byte,-0.24795321640929777
2139,2140,both,-0.15694444469749821
2140,2141,mayo,0.023809523788003967
2141,2142,whys,0.05555555553809932
2142,2143,lava,-0.14418859653653718
2143,2144,cash,0.0052103339947745094
2144,2145,dash,0.16550699277405384
2145,2146,gash,0.10740336002605265
2146,2147,lush,0.1984144322064819
2147,2148,rash,0.15921010766126667
2148,2149,wash,0.1165766049726098
2149,2150,lisp,-0.5083333333383886
2150,2151,wish,-0.36098484872924647
2151,2152,myth,0.027777776732064274
2152,2153,iota,0.33333333330550463
2153,2154,yowl,0.11574073979973563
2154,2155,howl,0.2999999993433232
2155,2156,jowl,0.29999999934332305
2156,2157,yoga,0.24999999997234204
2157,2158,bomb,0.3999999998942458
2158,2159,comb,0.0023809522622639688
2159,2160,womb,0.39999999987410223
2160,2161,jade,-0.2619247420857505
2161,2162,joke,0.13452380927536386
2162,2163,baby,0.1428571428407155
2163,2164,ease,-0.1071123326733775
2164,2165,cask,-0.19309625576736464
2165,2166,cozy,-0.14732142869342835
2166,2167,lazy,-0.03869047624352767
2167,2168,caff,-0.40208333336205926
2168,2169,jape,-0.20666666689216795
2169,2170,zany,0.08709016373111512
2170,2171,tyke,-0.1250000000277984
2171,2172,gamy,0.08333333332413427
2172,2173,data,0.0666666666603869
2173,2174,navy,-0.1315915301388401
2174,2175,cyst,-0.07857142904996317
2175,2176,kepi,0.4999999999615801
2176,2177,posh,-0.17235075567105235
2177,2178,wisp,-0.35037878818939594
2178,2179,anew,0.3333333333055044
2179,2180,knee,0.33333333330550463
2180,2181,cosh,0.04854312289244279
2181,2182,roux,-0.025000000747933623
2182,2183,czar,0.33333333330550463
2183,2184,chub,0.0833333332730873
2184,2185,coif,0.34090909063558666
2185,2186,coir,0.34090909063558655
2186,2187,poem,0.24999999997633596
2187,2188,cede,0.0666666666603869
2188,2189,buoy,0.01666666571254055
2189,2190,hush,0.1392795475363911
2190,2191,push,0.15229215188821826
2191,2192,tush,0.19189126795590222
2192,2193,dory,-0.36111111111893296
2193,2194,dodo,0.4999999999615801
2194,2195,duty,0.4999999999615801
2195,2196,"Missing[""july""
numb""",0.12499999980456851
2196,2197,gimp,0.12499999998532453
2197,2198,ouch,0.3333333333033025
2198,2199,type,-0.20208333352734953
2199,2200,disc,0.11666666597996206
2200,2201,dish,-0.21333333343000085
2201,2202,gosh,0.08527462045913806
2202,2203,quay,0.4999999999615801
2203,2204,riff,-0.16748066800571604
2204,2205,judo,0.4999999999615801
2205,2206,gibe,-0.08333333343439797
2206,2207,visa,-0.1875000000121959
2207,2208,josh,0.2325757564662264
2208,2209,nosh,0.02433712116649206
2209,2210,iamb,0.22619047560419966
2210,2211,mama,0.1666666666482507
2211,2212,viva,-1.6896040122560407e-11
2212,2213,dopa,0.06249999999065325
2213,2214,dozy,-0.21496212133571935
2214,2215,ooze,-0.0340909092782668
2215,2216,emit,0.12499999998072645
2216,2217,eggs,0.12499999997506364
2217,2218,ergo,0.24999999997633596
2218,2219,john,0.4999999999615801
2219,2220,easy,0.01666666571254061
2220,2221,erst,0.0999999999883212
2221,2222,luau,0.4999999999615801
2222,2223,nosy,0.01175595199545424
2223,2224,rosy,-0.017063492583346145
2224,2225,ceca,0.19999999997925044
2225,2226,coco,-0.20000000001325202
2226,2227,buff,0.350462962696587
2227,2228,cuff,0.31682098749634835
2228,2229,duff,0.36898148134231495
2229,2230,gaff,-0.05000000004532257
2230,2231,huff,0.4680555550869004
2231,2232,luff,0.4680555550869004
2232,2233,muff,0.3504629626807515
2233,2234,puff,0.468055555095808
2234,2235,ruff,0.3319444441315524
2235,2236,hypo,0.16666666654605244
2236,2237,razz,0.038461538439567816
2237,2238,gawp,-0.15000000001347946
2238,2239,narc,0.020491803242337875
2239,2240,offs,0.24999999997633596
2240,2241,memo,0.4999999999615801
2241,2242,lech,0.24999999997633596
2242,2243,typo,-0.1111111112008033
2243,2244,psis,0.33333333330550463
2244,2245,thud,0.3333333332882172
2245,2246,thug,0.027777777731677316
2246,2247,kayo,0.4999999999615801
2247,2248,java,0.24999999997633596
2248,2249,yogi,0.4999999999615801
2249,2250,else,0.1666666666482507
2250,2251,oozy,0.16666666651727244
2251,2252,chug,0.08333333327308745
2252,2253,chum,0.4166666666290121
2253,2254,biff,0.20138888821033052
2254,2255,miff,0.2013888882103305
2255,2256,tiff,0.33333333321667924
2256,2257,edit,0.49999999995476985
2257,2258,emir,0.24999999997633604
2258,2259,exit,0.49999999995477
2259,2260,egos,0.4999999999615801
2260,2261,coho,0.33333333330550463
2261,2262,doff,0.11111111109800764
2262,2263,jazz,0.4999999999615801
